last_name,first_name,email,zipcode,city,state,address,phone
Abdulkarim,John,iwbaugh@jumpstartlab.com,19149,Philadelphia,PA,1434 Elbridge St,215-743-4000
Alexander,John,ep.collier@jumpstartlab.com,49006,Kalamazoo,MI,Academy,512-826-7000
Asher,John,xlm2@jumpstartlab.com,2155,Medford,MA,"328 Houston Hall, Tufts University",2164020000
Begay,John,anhevalier@jumpstartlab.com,22213,Arlington,VA,2515 N. Winchester St,703 231 5000
Bicknell,John,lqhfksfklgKLJGRskj@jumpstartlab.com,32303,Tallahassee,FL,510 E. 7th Ave.,7579713000
Bigwood,John,vpm.odonnell@jumpstartlab.com,24153,salem,VA,roanoke college,4042185000
Bishop,John,dpichard@jumpstartlab.com,13323,Clinton,NY,198 College Hill Road,(908) 528-0000
Buckner,John,hhrosl08@jumpstartlab.com,27514,Chapel Hill,NC,101 Stadium Drive,919-389-5000
Cannon,John,fdmiller@jumpstartlab.com,28607,Boone,NC,College St.,919.357.5000
Catsos,John,vqlochowr@jumpstartlab.com,48823,East Lansing,MI,239 Oakhill,2313574000
Cooray,John,emcallum@jumpstartlab.com,45701,athens,OH,46 East Green Street (Room 449),4402219000
Copenhaver,John,oteastes@jumpstartlab.com,11731,East Northport,NY,426 5th Street,631-357-6000
Corkins,John,kjya.courtney@jumpstartlab.com,4240,Lewiston,ME,Bates,914-320-4000
Dayananda,John,kyllacamerak@jumpstartlab.com,40206,Louisville,KY,513 Emery Rd.,502-741-0000
Desanctis,John,vngallag@jumpstartlab.com,24501,Lynchburg,VA,1501 Lakeside Dr,302-858-7000
Dolstad,John,evff.bessette@jumpstartlab.com,14051,East Amherst,NY,8345 Clarnew Dr.,716-400-1000
Dowd,John,sellistarena@jumpstartlab.com,16142,New Wilmington,PA,203 E. Neshannock,724-344-3000
Dowley,John,bx14@jumpstartlab.com,94705,Berkeley,CA,2219 Ward St,5748505000
Dubose,John,leonia@jumpstartlab.com,15206,Pittsburgh,PA,140 Stratford Ave,718-305-4000
Dyment,John,lqeisler@jumpstartlab.com,40741,London,KY,216 Johnson Addition,606-862-4000
Eller,John,hxshifle@jumpstartlab.com,8544,Princeton,NJ,1056 Frist Center,6092717000
Farshchi,John,kjerations@jumpstartlab.com,26501,Morgantown,WV,8 1/2 Charleston,(304) 290-8000
Fink,John,stiorio@jumpstartlab.com,20686,St. Mary's City,MD,16800 Point Lookout Rd.,321 321 5000
Fox,John,lqn1@jumpstartlab.com,14260,Buffalo,NY,"350 Student Union, University at Buffalo",716.868.9000
Freer,JOhn,oynko1721@jumpstartlab.com,32303,Tallahassee,FL,510 E. 7th Ave.,7579713000
Gallagher,John,llarunchia001@jumpstartlab.com,11365,Fresh Meadows,NY,71-72 162ND ST,845-988-7000
Gans,John,kgtrano@jumpstartlab.com,28407,Wilmington,NC,UNCW Station CB# 20360,919-538-3000
Gassam,John,vmug.bojack@jumpstartlab.com,17815,Bloomsburg,PA,400 East Second St.,484-325-4000
Hall,John,rmates6601@jumpstartlab.com,1602,Worcester,MA,266 Olean St.,508-752-1000
Honani,John,jtmiller@jumpstartlab.com,30322,Atlanta,GA,586 Asbury Crircle,(239)2468000
Hoy,John,xhnebenz@jumpstartlab.com,78705,Austin,TX,300 E 30th St Apt 304,5126732000
Huber,John,nileyd@jumpstartlab.com,21521,Cumberland,MD,60 Pershing St,301.689-7000
Jacobi,John,tyneskaroluk@jumpstartlab.com,23185,Williamsburg,VA,600 Ukrop Way,703-625-4000
Jahne,John,qyieff@jumpstartlab.com,20686,st marys city,MD,16800 Point lookout rd,555-555-5000
Judkins,John,mjjones7@jumpstartlab.com,1824,Chelmsford,MA,25 Cathy Road,617-290-8000
Kerner,John,jil6@jumpstartlab.com,8544,Princeton,NJ,Frist,585 201 1000
Kidder,John,gmk1@jumpstartlab.com,23185,Williamsburg,VA,"1203 Jamestown Road, Apt B4",540-447-0000
Kittner,John,vfvaruss_campbell@jumpstartlab.com,23185,Williamsburg,VA,CSU 3873 PO Box 8793,703-862-0000
Klar,John,cyaison@jumpstartlab.com,53715,Madison,WI,1315 Bowen Court,6512141000
Loftis,John,jninr5467@jumpstartlab.com,28804,asheville,NC,1 university hts,336-202-8000
MacDonald,John,ejeliaT@jumpstartlab.com,37604,JOhnson City,TN,512 E Watauga Ave,865 585 1000
McEachern,John,lqorej8@jumpstartlab.com,10708,Bronxville,NY,"1 Rivermere, Apt. 1B",914-325-1000
Mclaughlin,John,shrnisar@jumpstartlab.com,17837,lewisburg,PA,701 moore ave box 1207,(914) 882-1000
McMeekin,John,idnielsaintfelix@jumpstartlab.com,28804,asheville,NC,1 university hts,336-202-8000
Ng,John,gcrinemea77@jumpstartlab.com,95060,santa cruz,CA,1145 laurel st,323-70-3000
Popovitch,John,clorzana@jumpstartlab.com,2138,Cambridge,MA,1112 Harvard Yard Mail Center,716-392-7000
Raiho,John,gpn@jumpstartlab.com,4102,Portland,ME,272 Danforth St.,718-305-4000
Regan,John,sfnghandong@jumpstartlab.com,2138,Cambridge,MA,1815 Harvard Yard Mail Ctr,248-535-4000
Rivera,John,wxma.jones@jumpstartlab.com,17815,Bloomsburg,PA,400 East Second St.,570-637-5000
Rosenkvist,John,qpancey@jumpstartlab.com,28403,Wilmington,NC,64654654,0
Sharrow,John,gqix.haber@jumpstartlab.com,0,"Johannesburg, South Africa",PW,"86 7th Ave, Melville,",(+)27797440000
Stork,John,pmilla10@jumpstartlab.com,50014,Ames,IA,303 Welch Ave,7128983000
Tough,John,je_bro1@jumpstartlab.com,97330,Corvallis,OR,1250 NW 23rd Street Apt 8,541-430-3000
Tuck,John,tbolkart@jumpstartlab.com,4901,Waterville,ME,7911 Mayflower Hill,718-305-4000
Venegas,John,renielgr@jumpstartlab.com,14850,Ithaca,NY,881 Boswick,607.592.0000
Walker,John,uaazarus@jumpstartlab.com,5401,bulington,VT,203 south willard st,973 270 6000
Wasserman,John,flintessential_reflection@jumpstartlab.com,1267,Williamstown,MA,2437 Paresky,828-380-0000
Wells,John,slnielleariel@jumpstartlab.com,14450,Fairport,NY,2 Vineyard Hill,(585) 451-2000
Westwood,John,ngelacolwell@jumpstartlab.com,21218,Baltimore,MD,3301 n charles st.,617-365-0000
White,John,jlex.vlasic@jumpstartlab.com,14850,Ithaca,NY,601 First St,303 653 2000
White,John,obtrinah@jumpstartlab.com,37916,Knoxville,TN,1714 Grand Ave. Apt. 124,615-337-5000
Wikler,John,ick15@jumpstartlab.com,27104,Winston Salem,NC,510 Straffordshire Rd.,3365292000
Zeller,John,eyudartj@jumpstartlab.com,20036,Washington,DC,"1608 Rhode Island Ave, NW",805-766-2000
